Time,Bitcoin,Ethereum,Solana,Avalanche,Tether,USD Coin,XRP,Polygon,Chainlink,Binance Coin,Dogecoin,dYdX,Render Token,First Digital USD,Celestia,Thorchain,Cardano,Polkadot,FileCoin,Arbitrum,Gas,Gala,Near,FTX Token,Cosmos,Litecoin,Fantom,yearn.finance,Pepe,PancakeSwap,Sei,Optimism,Worldcoin,Aptos,Mantle,Shiba Inu,Fetch.AI,Arkham,True USD,Binance USD,0x,Injective,Lido DAO,Synthetix,Tellor,TRON,Uniswap Protocol Token,Sui,Terra,Bitcoin Cash,Cronos,Sushi,STEPN,Waves,Maker,Ethereum Classic,Flow,Aave,JOE,The Graph,Monero,Internet Computer,Immutable X,The Sandbox,Private Instant Verified Transaction,Conflux Network,ApeCoin,Amp,BENQI,EOS,Algorand,Blur,Compound Governance Token,Curve DAO Token,Badger DAO,TomoChain,Stellar,OKB,Mask Network,eGold,Stacks,Hedera Hashgraph,Vulcan Forged,Floki Inu,Decentraland,Venus,Mina Protocol,Yield Guild Games,Terra Classic,Storj,SPACE,ARK,Magic,AERGO,Illuvium,Astar,Maverick Protocol,Stargate Finance,MovieBloc,NEO
09:52:01,37448.77,2054.87,66.03,23.65,1.0,1.0,0.651,0.9356,15.07,254.94,0.07945,4.046,3.118,1.0,6.162,6.381,0.3971,5.734,5.224,1.162,9.243,0.02504,1.834,3.745,10.04,73.84,0.3702,12882.91,1.26e-06,2.653,0.1699,1.868,2.401,7.957,0.4706,8.95e-06,0.4402,0.5208,0.9993,1.0,0.5353,17.94,2.452,3.172,90.77,0.1046,5.517,0.6316,0.7851,240.21,0.1024,1.036,0.2532,2.397,1419.07,19.96,0.7113,97.14,0.4297,0.1381,162.69,4.723,1.203,0.4485,0.5754,0.1737,1.49,0.0025,0.009435,0.7369,0.1452,0.3688,57.46,0.6152,4.206,1.201,0.1229,60.49,3.682,48.65,0.6686,0.06339,7.037,3.574e-05,0.456,7.512,0.6442,0.4215,8.403e-05,0.7052,0.3021,1.556,0.6862,0.1878,94.96,0.06931,0.3208,0.5962,0.006243,12.05
10:02:04,37483.25,2054.95,66.01,23.6,1.0,1.0,0.6519,0.9352,15.05,254.74,0.07873,4.046,3.108,1.0,6.136,6.381,0.3973,5.734,5.259,1.169,9.314,0.02496,1.856,3.715,10.06,73.91,0.3702,12876.45,1.26e-06,2.646,0.1699,1.874,2.414,7.938,0.4711,8.93e-06,0.4439,0.5253,0.9993,1.0,0.541,17.83,2.462,3.195,90.76,0.1046,5.536,0.6284,0.784,240.43,0.1024,1.04,0.2534,2.386,1416.08,19.98,0.712,97.69,0.4262,0.1384,162.75,4.717,1.198,0.4509,0.5728,0.1732,1.498,0.00251,0.00941,0.7375,0.1455,0.3685,57.67,0.6156,4.165,1.222,0.1232,60.48,3.761,48.82,0.6682,0.06345,7.019,3.588e-05,0.4578,7.502,0.641,0.4222,8.486e-05,0.704,0.3026,1.583,0.686,0.187,95.29,0.06927,0.3221,,,12.1
10:12:06,37460.57,2052.64,65.71,23.69,1.0,1.0,0.6499,0.932,14.96,254.63,0.07838,4.01,3.109,1.0,6.129,6.395,0.3995,5.774,5.25,1.172,9.305,0.02504,1.841,3.654,10.07,73.97,0.3725,12903.58,1.25e-06,2.666,0.1708,1.864,2.414,7.961,0.4712,8.95e-06,0.4423,0.5236,0.9994,1.0,0.5452,17.82,2.444,3.189,90.95,0.1046,5.535,0.6279,0.7778,239.99,0.1022,1.044,0.2528,2.387,1416.34,19.97,0.712,97.22,0.4301,0.1378,162.44,4.739,1.193,0.4516,0.5961,0.174,1.496,0.00249,0.009192,0.7387,0.1455,0.3681,57.5,0.6163,4.159,1.219,0.1229,60.13,3.721,47.99,0.6702,0.06349,7.023,3.576e-05,0.4601,7.532,0.641,0.4217,8.454e-05,0.7017,0.3031,1.622,0.685,0.1864,95.19,0.06917,0.325,0.5956,,
10:22:07,37373.51,2049.06,65.39,23.68,1.0,1.0,0.6481,0.9271,14.81,254.16,0.07784,3.989,3.075,1.0,6.033,6.349,0.3968,5.703,5.185,1.164,9.185,0.02481,1.822,3.64,10.05,73.66,0.3672,12939.86,1.22e-06,2.658,0.1695,1.849,2.424,7.91,0.4711,8.87e-06,0.4405,0.5204,0.9994,1.0,0.5391,17.7,2.408,3.171,89.8,0.1043,5.489,0.6205,0.7621,238.4,0.1016,1.032,0.251,2.366,1405.78,19.85,0.704,96.44,0.426,0.1369,161.81,4.703,1.184,0.4456,0.5505,0.1714,1.48,0.00243,0.009116,0.7323,0.1444,0.3648,56.88,0.6117,4.115,1.201,0.1226,59.98,3.687,47.55,0.6643,0.06286,7.01,3.544e-05,0.4546,7.452,0.6343,0.4172,8.382e-05,0.6948,0.2988,1.63,0.6756,0.1867,93.98,0.06863,0.322,0.5932,,11.92
10:32:10,37289.75,2044.82,65.0,23.37,1.0,0.9999,0.6436,0.9206,14.7,252.31,0.07695,3.939,3.036,1.0,6.006,6.309,0.3966,5.648,5.166,1.155,9.106,0.02448,1.809,3.649,10.09,73.42,0.3649,12847.8,1.22e-06,2.639,0.1678,1.833,2.421,7.851,0.4696,8.78e-06,0.434,0.5182,0.9994,1.0,0.5392,17.66,2.385,3.172,89.11,0.104,5.465,0.6151,0.7601,237.19,0.1004,1.024,0.2478,2.338,1400.36,19.71,0.6993,95.76,0.4266,0.1357,161.4,4.675,1.176,0.4417,0.5592,0.1697,1.465,0.00242,0.009178,0.7285,0.1426,0.3605,56.36,0.6091,4.109,1.18,0.1217,59.54,3.668,46.91,0.6603,0.06227,6.902,3.515e-05,0.4485,7.391,0.6278,0.4125,8.337e-05,0.6898,0.2966,1.626,0.6695,,93.11,0.06813,0.3191,0.5891,,11.82
10:42:15,37357.68,2046.37,65.46,23.47,1.0,1.0,0.6463,0.9261,14.83,253.21,0.07781,3.983,3.061,1.0,5.97,6.361,0.4058,5.725,5.2,1.162,9.146,0.02477,1.832,3.7,10.13,73.66,0.3697,12964.63,1.22e-06,2.628,0.1692,1.85,2.43,7.917,0.4716,8.88e-06,0.4341,0.52,0.9994,1.0,0.5173,17.78,2.399,3.191,90.24,0.1042,5.528,0.6183,0.7648,238.25,0.1007,1.039,0.2509,2.341,1404.37,19.79,0.7047,96.27,0.4303,0.1366,162.03,4.709,1.187,0.446,0.5805,0.1712,1.481,0.00241,0.00926,0.7332,0.1437,0.3639,57.12,0.6142,4.142,1.202,0.1224,59.86,3.682,47.29,0.6652,0.06291,6.925,3.543e-05,0.4539,7.502,0.6328,0.4145,8.298e-05,0.6948,0.2984,1.635,0.6771,,93.58,0.06853,0.3255,0.5913,,11.91
10:52:18,37370.93,2046.06,65.29,23.48,1.0,1.0,0.6459,0.9242,14.78,253.01,0.07823,3.962,3.039,1.0,5.991,6.357,0.4065,5.766,5.178,1.162,9.11,0.02481,1.815,3.71,10.09,73.62,0.3666,13108.63,1.22e-06,2.634,0.1697,1.846,2.429,7.919,0.4721,8.9e-06,0.4341,0.518,0.9993,1.0,0.5233,17.86,2.392,3.207,90.22,0.1043,5.539,0.618,0.7636,238.13,0.1003,1.043,0.2519,2.343,1404.37,19.83,0.7056,96.39,0.4285,0.1368,162.46,4.712,1.188,0.4456,0.5819,0.1709,1.485,0.0024,0.009182,0.7352,0.1443,0.3655,57.17,0.616,4.145,1.204,0.1223,59.76,3.701,47.31,0.665,0.06296,6.952,3.535e-05,0.4549,7.482,0.6337,0.4137,8.387e-05,0.6956,0.2969,1.634,0.6796,,93.34,0.06853,0.3276,0.5909,,11.9
11:02:20,37307.26,2041.81,64.96,23.09,1.0,0.9999,0.644,0.9198,14.71,251.99,0.07826,3.95,3.004,1.0,5.943,6.35,0.4037,5.708,5.167,1.156,9.006,0.02469,1.802,3.695,9.987,73.49,0.3641,13225.4,1.21e-06,2.62,0.1681,1.836,2.408,7.89,0.4713,8.81e-06,0.4312,0.5131,0.9993,1.0,0.5233,17.58,2.384,3.214,89.53,0.1041,5.549,0.6122,0.7578,237.42,0.1,1.041,0.2496,2.341,1397.25,19.75,0.7023,95.94,0.4263,0.136,161.9,4.69,1.183,0.4431,0.5705,0.17,1.472,0.00234,0.009113,0.7342,0.1444,0.3635,56.82,0.6119,4.118,1.189,0.1221,59.68,3.664,47.15,0.6607,0.06267,6.881,3.514e-05,0.4523,7.452,0.6293,0.4107,8.334e-05,0.6935,0.2941,1.621,0.6747,,92.77,0.0684,0.3273,0.5891,,11.84
11:12:23,37318.11,2042.93,64.97,23.06,1.0,0.9999,0.6434,0.9159,14.73,251.94,0.07846,3.925,2.98,1.0,6.069,6.278,0.3992,5.697,5.152,1.153,8.933,0.02431,1.804,3.696,9.984,73.46,0.3633,13187.28,1.2e-06,2.598,0.1665,1.83,2.429,7.848,0.4711,8.82e-06,0.4323,0.5124,0.9994,1.0,0.522,17.44,2.368,3.179,89.37,0.1039,5.492,0.6066,0.7543,237.19,0.09926,1.032,0.2482,2.313,1393.33,19.69,0.6983,95.59,0.4244,0.1356,161.34,4.672,1.176,0.4412,0.5686,0.1692,1.469,0.00236,0.008972,0.7282,0.1434,0.3601,56.32,0.6085,4.069,1.178,0.1219,59.63,3.661,46.69,0.6587,0.06247,6.837,3.507e-05,0.4498,7.472,0.626,0.407,8.289e-05,0.6889,0.2939,1.649,0.6707,,92.35,0.06789,0.3276,0.5889,,
11:22:28,37412.98,2044.9,65.08,23.33,1.0,1.0,0.6448,0.9174,14.78,252.04,0.07862,3.908,3.003,1.0,5.995,6.351,0.4026,5.733,5.164,1.156,8.967,0.02441,1.8,3.691,9.965,73.41,0.3642,13277.35,1.21e-06,2.597,0.1678,1.833,2.426,7.84,0.4714,8.82e-06,0.4348,0.511,0.9994,1.0,0.5256,17.44,2.368,3.214,89.68,0.1042,5.496,0.6116,0.7606,237.42,0.09967,1.041,0.2488,2.333,1399.7,19.76,0.7026,95.63,0.4232,0.1357,161.62,4.685,1.18,0.4424,0.5705,0.1696,1.473,0.00236,0.009078,0.7315,0.1437,0.3606,56.23,0.609,4.112,1.181,0.1222,59.69,3.678,46.79,0.6627,0.06244,6.872,3.518e-05,0.4509,7.503,0.6296,0.4075,8.244e-05,0.692,0.2938,1.634,0.6734,,92.77,0.06826,0.3289,0.5885,,
11:32:31,37411.32,2043.38,64.64,23.26,1.0,1.0,0.6422,0.9092,14.75,251.5,0.07856,3.911,2.937,1.0,5.99,6.411,0.4008,5.697,5.136,1.161,8.883,0.0243,1.793,3.66,9.918,73.13,0.3649,13370.33,1.2e-06,2.597,0.1675,1.83,2.457,7.822,0.4714,8.8e-06,0.4314,0.5085,0.9995,1.0,0.5255,17.36,2.354,3.176,89.06,0.1041,5.468,0.6075,0.76,237.21,0.09975,1.032,0.2484,2.328,1401.44,19.74,0.6983,95.02,0.4148,0.1351,161.32,4.652,1.176,0.4397,0.5855,0.1684,1.464,0.00235,0.009106,0.7317,0.1433,0.3596,56.17,0.6064,4.043,1.185,0.1218,59.31,3.642,46.64,0.6639,0.0625,6.85,3.496e-05,0.4487,7.433,0.6264,0.406,8.226e-05,0.6902,0.2913,1.64,0.6694,,92.54,0.06793,0.3278,0.5859,,
11:42:35,37335.73,2040.59,64.87,23.09,1.0,1.0,0.6427,0.9044,14.68,250.9,0.07855,3.888,2.93,1.0,5.967,6.36,0.3962,5.665,5.124,1.158,8.883,0.02452,1.785,3.626,9.877,72.85,0.3641,13413.18,1.19e-06,2.59,0.1667,1.826,2.477,7.737,0.4708,8.78e-06,0.4284,0.507,0.9994,1.0,0.5241,17.28,2.349,3.145,88.81,0.104,5.457,0.6042,0.7485,236.8,0.1,1.024,0.2466,2.317,1389.75,19.66,0.6956,94.87,0.4115,0.1345,160.73,4.627,1.174,0.438,0.6039,0.1676,1.457,0.00232,0.009069,0.7268,0.1423,0.3574,55.76,0.6046,4.012,1.163,0.1216,59.27,3.639,46.39,0.6583,0.06225,6.818,3.472e-05,0.4465,7.413,0.6241,0.4029,8.19e-05,0.6856,0.29,1.662,0.6632,,91.85,0.06772,0.3291,0.5847,,
11:52:39,37319.89,2042.96,65.42,23.1,1.0,0.9999,0.6436,0.9074,14.75,251.03,0.07985,3.897,2.933,1.0,6.03,6.408,0.3966,5.71,5.134,1.163,8.95,0.02451,1.796,3.643,9.953,73.12,0.3654,13462.15,1.19e-06,2.566,0.1672,1.831,2.477,7.784,0.471,8.87e-06,0.4318,0.5079,0.9993,1.0,0.5209,17.34,2.366,3.155,89.16,0.1039,5.498,0.604,0.7544,236.9,0.09994,1.033,0.2492,2.313,1395.82,19.72,0.6983,95.16,0.4131,0.1354,161.06,4.65,1.177,0.4397,0.5928,0.1684,1.463,0.00232,0.009021,0.7308,0.1431,0.3586,55.87,0.607,4.06,1.177,0.1218,59.4,3.66,46.52,0.6618,0.0623,6.808,3.484e-05,0.4499,7.451,0.6238,0.4046,8.202e-05,0.6874,0.2912,1.677,0.6673,,92.26,0.0676,0.3276,0.5876,,
12:02:40,37374.02,2043.36,65.65,23.26,1.0,1.0,0.6445,0.9064,14.72,252.05,0.07999,3.944,2.947,1.0,6.012,6.429,0.3962,5.723,5.145,1.165,8.981,0.02466,1.792,3.593,9.957,73.15,0.3669,13616.03,1.2e-06,2.566,0.1685,1.833,2.459,7.827,0.4717,8.99e-06,0.432,0.5103,0.9995,1.0,0.5245,17.46,2.365,3.161,89.41,0.1038,5.541,0.6076,0.7559,237.01,0.1002,1.031,0.2495,2.334,1395.22,19.81,0.7006,95.26,0.4154,0.1356,161.53,4.653,1.182,0.4418,0.6044,0.1686,1.462,0.00236,0.00897,0.7337,0.1437,0.3612,56.24,0.6053,4.045,1.189,0.1222,59.2,3.667,46.69,0.6621,0.06246,6.784,3.501e-05,0.4513,7.452,0.6279,0.4064,8.239e-05,0.6883,0.292,1.665,0.6684,,92.79,0.06774,0.3238,0.5862,,
12:12:44,37374.0,2044.59,65.86,23.48,1.0,1.0,0.6451,0.9137,14.79,252.14,0.07926,3.916,2.992,1.0,6.053,6.405,0.3984,5.71,5.147,1.168,9.048,0.0248,1.784,3.597,9.967,73.07,0.3705,13671.97,1.2e-06,2.566,0.1685,1.836,2.51,7.879,0.4753,8.93e-06,0.4341,0.5092,0.9993,1.0,0.5275,17.54,2.371,3.146,90.47,0.1039,5.541,0.6105,0.7598,237.37,0.09971,1.032,0.2506,2.349,1395.62,19.8,0.7017,95.39,0.4173,0.1363,161.73,4.664,1.185,0.4438,0.616,0.1706,1.467,0.00232,0.009066,0.7345,0.1446,0.3619,56.3,0.6084,4.042,1.191,0.1224,59.24,3.698,46.75,0.6647,0.06283,6.864,3.516e-05,0.4534,7.482,0.6289,0.407,8.286e-05,0.6897,0.2926,1.651,0.669,,92.62,0.0678,0.3218,0.5882,,
12:22:47,37388.19,2045.15,65.62,23.4,1.0,1.0,0.6448,0.9129,14.76,252.05,0.08004,3.908,3.002,1.0,6.094,6.416,0.4012,5.697,5.138,1.164,9.026,0.02489,1.782,3.623,10.01,73.23,0.3726,13935.14,1.2e-06,2.596,0.1671,1.836,2.491,7.83,0.4761,8.95e-06,0.4336,0.5082,0.9994,1.0,0.5286,17.46,2.377,3.163,90.17,0.104,5.528,0.6107,0.7602,237.16,0.1002,1.034,0.2509,2.348,1395.01,19.86,0.7013,95.3,0.4158,0.1362,162.17,4.66,1.187,0.4435,0.6222,0.1702,1.468,0.00233,0.009099,0.7441,0.1443,0.3608,56.52,0.6085,4.049,1.18,0.1224,59.36,3.694,46.79,0.6666,0.06281,6.82,3.511e-05,0.4528,7.482,0.63,0.4071,8.288e-05,0.6896,0.2921,1.639,0.6671,,92.59,0.06792,0.3203,0.5874,,
12:32:51,37375.3,2044.15,65.5,23.6,1.0,1.0,0.6448,0.9128,14.78,252.0,0.08065,3.915,3.037,1.0,6.086,6.395,0.4004,5.69,5.162,1.162,9.05,0.02487,1.781,3.64,10.01,73.23,0.3729,13861.75,1.2e-06,2.615,0.1672,1.836,2.433,7.793,0.4767,9.01e-06,0.4338,0.5081,0.9993,1.0,0.5289,17.45,2.364,3.155,89.84,0.1041,5.515,0.6086,0.7622,237.15,0.1003,1.042,0.2511,2.346,1393.61,19.86,0.7026,95.26,0.4186,0.1362,161.99,4.675,1.188,0.4426,0.6079,0.17,1.465,0.00232,0.009077,0.7479,0.1454,0.3604,56.55,0.6085,4.034,1.179,0.1226,59.46,3.713,46.76,0.6688,0.06263,6.849,3.507e-05,0.4531,7.512,0.6312,0.4081,8.325e-05,0.6921,0.291,1.651,0.6663,,92.73,0.06789,0.3157,0.5861,,
12:42:56,37333.34,2041.71,65.33,23.71,1.0,1.0,0.6436,0.9158,14.75,252.2,0.08106,3.902,3.013,1.0,6.091,6.361,0.399,5.668,5.174,1.159,9.032,0.0247,1.775,3.626,10.04,73.21,0.3725,13900.44,1.19e-06,2.611,0.1672,1.83,2.456,7.79,0.4777,9.06e-06,0.4334,0.5101,0.9994,1.0,0.533,17.37,2.359,3.151,89.61,0.104,5.486,0.6072,0.7592,236.97,0.1001,1.045,0.2511,2.333,1389.72,19.83,0.7,95.22,0.4191,0.1355,161.9,4.675,1.184,0.4413,0.6056,0.1694,1.46,0.00231,0.00915,0.7486,0.1465,0.3592,56.5,0.6067,4.024,1.183,0.1225,59.28,3.7,46.44,0.668,0.0626,6.798,3.507e-05,0.451,7.503,0.6291,0.4058,8.322e-05,0.6905,0.2909,1.639,0.6638,,92.22,0.06725,0.3162,0.5841,,
12:52:57,37315.4,2040.74,65.33,23.48,1.0,1.0,0.643,0.9158,14.71,251.61,0.08161,3.865,2.994,1.0,6.091,6.354,0.3982,5.664,5.188,1.158,9.022,0.02459,1.769,3.628,9.987,73.11,0.3719,13933.12,1.19e-06,2.611,0.1672,1.832,2.449,7.754,0.4788,9.07e-06,0.4325,0.5094,0.9993,1.0,0.5288,17.31,2.36,3.13,89.66,0.104,5.47,0.6079,0.7549,236.59,0.1001,1.046,0.25,2.331,1387.54,19.82,0.703,95.01,0.4178,0.1352,162.11,4.659,1.182,0.4393,0.6265,0.1693,1.457,0.00231,0.009025,0.7426,0.1455,0.3592,56.43,0.6049,3.993,1.179,0.1223,59.33,3.766,46.25,0.6712,0.06259,6.74,3.524e-05,0.4506,7.483,0.6281,0.4054,8.329e-05,0.6902,0.2902,1.63,0.6656,,92.01,0.0672,0.3161,0.5837,,
13:02:59,37294.83,2039.26,65.17,23.36,1.0,1.0,0.6422,0.9126,14.66,251.14,0.08302,3.849,2.992,1.0,6.105,6.361,0.3943,5.649,5.183,1.154,8.965,0.02451,1.766,3.609,9.969,72.99,0.3727,13989.13,1.19e-06,2.578,0.1664,1.829,2.416,7.751,0.4789,9.14e-06,0.4279,0.5113,0.9994,1.0,0.5249,17.29,2.355,3.137,89.31,0.1041,5.459,0.6045,0.7483,236.6,0.09994,1.043,0.2491,2.326,1386.66,19.83,0.7035,94.76,0.417,0.1349,161.75,4.647,1.178,0.4396,0.6126,0.169,1.45,0.00232,0.008994,0.7425,0.1453,0.3567,56.23,0.6034,3.974,1.177,0.122,59.24,3.768,46.0,0.6701,0.06236,6.74,3.54e-05,0.4507,7.453,0.628,0.404,8.288e-05,0.6893,0.2888,1.622,0.6626,,91.83,0.06703,0.3141,0.5826,,
13:13:02,37427.04,2064.31,65.56,23.71,1.0,1.0,0.6452,0.9227,14.81,251.54,0.08231,3.861,3.053,1.0,6.06,6.413,0.397,5.686,5.215,1.173,9.026,0.02482,1.78,3.553,10.02,73.48,0.3787,14174.73,1.22e-06,2.61,0.1664,1.867,2.427,7.799,0.4819,9.13e-06,0.4332,0.5123,0.9994,1.0,0.5273,17.41,2.439,3.159,90.62,0.1043,5.524,0.6138,0.7572,237.82,0.1005,1.043,0.2504,2.338,1397.83,20.51,0.7056,95.43,0.4238,0.1363,162.19,4.689,1.198,0.4443,0.6203,0.1715,1.467,0.0023,0.009045,0.7461,0.1467,0.3595,57.01,0.6111,4.02,1.186,0.1224,59.35,3.742,46.28,0.6749,0.06286,6.78,3.615e-05,0.455,7.514,0.6323,0.4079,8.335e-05,0.692,0.2925,1.611,0.6787,,92.43,0.06757,0.3175,0.5884,,
13:23:05,37498.92,2069.45,65.35,23.71,1.0,1.0,0.645,0.9245,14.82,252.06,0.08215,3.85,3.052,1.0,6.05,6.461,0.3965,5.667,5.206,1.17,9.009,0.02497,1.776,3.579,10.04,73.69,0.3744,14421.44,1.22e-06,2.587,0.1649,1.863,2.418,7.763,0.4837,9.05e-06,0.432,0.5124,0.9995,1.0,0.5233,17.37,2.512,3.178,90.27,0.1042,5.505,0.6126,0.7569,238.23,0.1011,1.044,0.2496,2.344,1404.29,20.38,0.706,95.51,0.4242,0.1361,162.38,4.697,1.204,0.4441,0.6197,0.1713,1.469,0.0023,0.009133,0.7478,0.1466,0.3602,57.03,0.6126,4.02,1.182,0.1226,59.47,3.741,46.27,0.6757,0.06291,6.777,3.655e-05,0.4573,7.512,0.6331,0.4084,8.334e-05,0.6913,0.2934,1.633,0.6788,,,0.06754,0.3167,0.5883,,
13:33:08,37527.03,2077.17,64.79,23.64,1.0,1.0,0.6459,0.9279,14.84,252.99,0.0815,3.837,3.08,1.0,6.073,6.454,0.3959,5.661,5.21,1.174,8.965,0.025,1.771,3.562,10.02,73.75,0.3726,14337.84,1.22e-06,2.587,0.1647,1.873,2.422,7.751,0.4844,9.08e-06,0.4317,0.5144,0.9994,1.0,0.5305,17.29,2.552,3.203,90.0,0.1043,5.515,0.6102,0.7603,238.21,0.1016,1.044,0.2491,2.334,1401.21,20.38,0.706,95.81,0.4215,0.1366,162.5,4.707,1.197,0.4452,0.6309,0.1713,1.473,0.00229,0.009156,0.7478,0.1466,0.3596,57.02,0.6183,4.051,1.183,0.1227,59.68,3.737,46.36,0.6751,0.06296,6.848,3.634e-05,0.4565,7.522,0.6316,0.4089,8.337e-05,0.6913,0.2937,1.627,0.6773,,,0.06748,0.3175,0.5869,,
13:43:12,37449.91,2086.63,64.65,23.44,1.0,1.0,0.646,0.934,14.81,253.09,0.08074,3.866,3.053,1.0,5.985,6.469,0.3944,5.646,5.189,1.181,8.934,0.02506,1.773,3.538,10.0,73.93,0.3737,14431.76,1.23e-06,2.571,0.1641,1.898,2.446,7.768,0.4841,8.99e-06,0.4294,0.5158,0.9995,1.0,0.5112,17.25,2.571,3.217,89.51,0.1044,5.534,0.6141,0.7533,238.45,0.1012,1.048,0.2496,2.334,1403.67,20.54,0.7083,95.98,0.4193,0.1361,162.13,4.698,1.193,0.4443,0.6189,0.1709,1.467,0.00234,0.009743,0.7474,0.1462,0.3606,57.13,0.6196,4.002,1.19,0.1226,59.84,3.724,46.26,0.6709,0.06263,6.825,3.625e-05,0.4569,7.483,0.632,0.4087,8.319e-05,0.6912,0.2927,1.624,0.685,,,0.06742,0.3174,0.5876,,
13:53:16,37235.1,2070.9,63.57,23.02,1.0,0.9999,0.6416,0.9215,14.7,252.05,0.08048,3.844,3.021,1.0,5.932,6.428,0.3908,5.604,5.139,1.173,8.856,0.02489,1.762,3.528,9.909,73.52,0.3695,14233.52,1.22e-06,2.571,0.1635,1.888,2.419,7.672,0.4815,8.95e-06,0.4262,0.5102,0.9993,1.0,0.5014,17.28,2.551,3.215,88.92,0.1044,5.487,0.6087,0.7529,237.19,0.101,1.033,0.2485,2.329,1400.88,20.32,0.703,95.62,0.4153,0.1351,161.69,4.636,1.192,0.441,0.6139,0.1698,1.458,0.00236,0.009703,0.7441,0.1443,0.3565,56.75,0.6172,3.983,1.194,0.1223,59.55,3.684,45.92,0.668,0.06229,6.73,3.619e-05,0.4534,7.433,0.6266,0.4062,8.248e-05,0.6861,0.2914,1.616,0.6761,0.1897,,0.0685,0.3133,0.583,,
14:03:17,37226.41,2060.32,63.74,22.88,1.0,1.0,0.6392,0.9108,14.5,251.48,0.08056,3.797,2.978,1.0,5.89,6.366,0.3911,5.565,5.106,1.171,8.807,0.02478,1.75,3.54,9.852,73.16,0.3666,13902.51,1.2e-06,2.572,0.1623,1.854,2.379,7.625,0.4794,8.93e-06,0.4219,0.5071,0.9992,1.0,0.4942,16.99,2.451,3.16,88.28,0.1041,5.446,0.6048,0.7377,236.0,0.1001,1.012,0.2463,2.308,1386.12,20.09,0.699,94.37,0.4114,0.1341,160.48,4.597,1.176,0.4378,0.6226,0.1683,1.445,0.00234,0.009825,0.7416,0.1427,0.3531,55.86,0.6053,3.934,1.184,0.1218,59.29,3.64,45.57,0.666,0.06205,6.701,3.575e-05,0.4494,7.364,0.6235,0.4006,8.178e-05,0.6814,,1.608,0.6677,,,0.06798,0.308,0.5788,,
14:13:21,37289.74,2063.35,64.11,22.94,1.0,1.0,0.6409,0.9118,14.63,251.49,0.08069,3.854,3.017,1.0,5.906,6.404,0.3924,5.596,5.132,1.167,8.833,0.02474,1.756,3.582,9.867,73.31,0.3692,14269.7,1.21e-06,2.572,0.1627,1.871,2.4,7.707,0.4792,8.95e-06,0.4239,0.5079,0.9993,1.0,0.4906,17.23,2.438,3.163,88.75,0.1039,5.474,0.6059,0.7415,236.68,0.1001,1.019,0.2475,2.298,1388.96,20.27,0.698,94.83,0.4169,0.1343,160.57,4.607,1.184,0.44,0.6228,0.169,1.448,0.00236,0.009739,0.7469,0.1431,0.3551,56.34,0.6067,3.971,1.189,0.1222,59.37,3.642,45.65,0.6691,0.06218,6.648,3.598e-05,0.4521,7.412,0.6243,0.4003,8.223e-05,0.681,,1.613,0.6683,,,0.06793,0.3094,0.5792,,
14:23:26,37158.44,2048.21,63.65,22.7,1.0,1.0,0.6383,0.9065,14.52,250.78,0.07953,3.766,2.962,1.0,5.911,6.329,0.3892,5.556,5.101,1.164,8.831,0.02462,1.75,3.511,9.793,72.9,0.3726,13942.54,1.19e-06,2.572,0.1611,1.844,2.394,7.651,0.4771,8.88e-06,0.4207,0.504,0.9991,1.0,0.4828,17.19,2.399,3.127,88.31,0.1038,5.428,0.6008,0.7387,235.34,0.09979,1.015,0.2468,2.296,1381.9,20.04,0.692,93.98,0.415,0.1334,160.18,4.578,1.176,0.4376,0.6066,0.1675,1.439,0.00233,0.009465,0.745,0.1419,0.3518,56.11,0.6013,3.986,1.191,0.1217,58.87,3.61,45.63,0.6637,0.06201,6.544,3.539e-05,0.4495,7.333,0.6223,0.3985,8.196e-05,0.6775,,1.614,0.6629,,,0.06753,0.3061,0.5753,,
14:33:29,37184.29,2054.62,64.15,22.86,1.0,1.0,0.639,0.9094,14.56,250.4,0.07977,3.769,2.956,1.0,5.898,6.334,0.3917,5.567,5.112,1.161,8.846,0.0246,1.751,3.525,9.816,72.91,0.3706,14091.35,1.19e-06,2.552,0.1602,1.849,2.409,7.652,0.4784,8.89e-06,0.42,0.505,0.9992,1.0,0.4828,17.19,2.417,3.11,88.4,0.1036,5.443,0.6021,0.7396,235.64,0.09927,1.017,0.2464,2.277,1382.8,20.05,0.694,94.22,0.4137,0.1337,159.91,4.585,1.175,0.4364,0.5972,0.1674,1.441,0.00231,0.00934,0.7453,0.1424,0.3529,56.19,0.6018,3.989,1.206,0.1219,58.72,3.616,45.58,0.6638,0.06217,6.561,3.553e-05,0.4483,7.352,0.6218,0.3994,8.174e-05,0.6755,,1.61,0.6612,,,0.06739,0.3044,0.5736,,
14:43:34,37217.56,2056.07,64.29,22.87,1.0,0.9999,0.6393,0.9082,14.55,250.8,0.07997,3.725,2.941,1.0,5.877,6.314,0.3897,5.587,5.099,1.154,8.828,0.02458,1.745,3.519,9.805,72.95,0.3708,13879.55,1.19e-06,2.575,0.1603,1.843,2.412,7.68,0.4788,8.93e-06,0.4207,0.5024,0.9993,1.0,0.4842,17.26,2.418,3.088,88.29,0.1036,5.432,0.6011,0.7369,235.9,0.09913,1.018,0.2461,2.291,1380.43,20.09,0.6956,94.24,0.4116,0.1338,160.19,4.575,1.177,0.436,0.6012,0.1672,1.439,0.00237,0.009465,0.7439,0.142,0.3525,56.17,0.6013,4.02,1.199,0.122,58.53,3.629,45.5,0.6645,0.06204,6.569,3.54e-05,0.4477,7.303,0.6219,0.398,8.17e-05,0.6792,,1.608,0.6593,,,0.06699,0.3035,0.5734,,
14:53:37,37180.91,2051.0,64.4,23.1,1.0,1.0,0.6398,0.9027,14.57,250.45,0.08032,3.711,2.977,1.0,5.896,6.333,0.389,5.575,5.104,1.149,8.808,0.02458,1.745,3.43,9.785,72.71,0.3737,13829.72,1.19e-06,2.575,0.1597,1.837,2.403,7.671,0.4783,8.91e-06,0.4206,0.5032,0.9993,1.0,0.4845,17.23,2.394,3.094,88.52,0.1038,5.441,0.6026,0.7373,235.81,0.09882,1.019,0.2487,2.29,1372.56,20.02,0.694,94.12,0.4146,0.1337,160.21,4.578,1.181,0.4368,0.6006,0.1674,1.445,0.00242,0.009488,0.7423,0.1419,0.3518,56.09,0.6012,4.001,1.186,0.1223,58.72,3.638,45.53,0.6655,0.06213,6.597,3.531e-05,0.4477,7.313,0.6229,0.3984,8.184e-05,0.6798,,1.605,0.6588,,,0.06701,0.3042,0.5729,,
15:03:39,37163.67,2051.99,64.38,23.09,1.0,1.0,0.6402,0.9043,14.57,250.86,0.08008,3.729,3.036,1.0,5.879,6.35,0.3889,5.592,5.125,1.149,8.825,0.02467,1.746,3.46,9.811,72.92,0.3775,13980.92,1.19e-06,2.574,0.1595,1.84,2.39,7.661,0.4785,8.91e-06,0.4247,0.5056,0.9993,1.0,0.4824,17.32,2.394,3.102,88.78,0.1038,5.454,0.6011,0.7396,236.01,0.0986,1.022,0.2508,2.294,1374.62,20.02,0.6924,94.4,0.415,0.134,159.99,4.578,1.182,0.4381,0.5859,0.1678,1.446,0.00251,0.009303,0.7409,0.1423,0.3517,56.2,0.6025,4.004,1.189,0.1227,58.62,3.634,45.53,0.6678,0.06231,6.598,3.537e-05,0.4493,7.342,0.6243,0.3993,8.181e-05,0.6799,,1.616,0.6623,,,0.06721,0.3033,0.5727,,
15:13:43,37023.38,2039.6,63.03,22.65,1.0,1.0,0.6362,0.8962,14.35,250.39,0.07898,3.721,3.015,1.0,5.791,6.318,0.3852,5.528,5.075,1.137,8.762,0.02425,1.731,3.432,9.697,72.28,0.3707,13895.65,1.18e-06,2.549,0.1577,1.824,2.356,7.592,0.4776,8.82e-06,0.4214,0.4997,0.9993,1.0,0.4818,17.2,2.359,3.055,87.87,0.1038,5.388,0.5914,0.7282,234.79,0.09802,1.013,0.2475,2.27,1366.95,19.83,0.6863,93.35,0.4121,0.1329,159.8,4.542,1.173,0.4333,0.5926,0.1654,1.43,0.00248,0.009367,0.7317,0.1405,0.3482,55.65,0.5949,3.972,1.189,0.1217,58.61,3.615,45.21,0.6608,0.06177,6.586,3.494e-05,0.4447,7.313,0.621,0.3952,8.125e-05,0.6768,,1.603,0.6531,,,0.06645,0.2983,0.5675,,
15:23:47,36956.27,2034.82,62.86,22.59,1.0,1.0,0.6301,0.8958,14.34,249.58,0.07906,3.712,3.039,1.0,5.757,6.265,0.3842,5.513,5.05,1.132,8.577,0.02399,1.719,3.331,9.654,72.09,0.367,13916.52,1.17e-06,2.522,0.1555,1.824,2.333,7.5,0.4758,8.76e-06,0.4178,0.4934,0.9993,1.0,0.48,17.01,2.364,3.051,87.8,0.1032,5.37,0.5852,0.7243,233.64,0.0969,1.004,0.2448,2.24,1360.91,19.78,0.6783,93.12,0.408,0.1311,158.51,4.493,1.157,0.4286,0.5771,0.1637,1.422,0.00247,0.008998,0.7287,0.1392,0.3446,55.34,0.5896,3.903,1.174,0.1206,58.37,3.577,44.63,0.6536,0.06137,6.487,3.457e-05,0.4393,7.282,0.6116,0.3901,8.021e-05,0.6691,,1.586,0.6478,,,0.06554,0.2957,0.5645,,
15:33:51,36856.18,2031.97,62.34,22.7,1.0,0.9999,0.6292,0.8958,14.26,248.11,0.07887,3.739,3.099,1.0,5.753,6.284,0.3836,5.509,5.045,1.13,8.619,0.02418,1.72,3.403,9.666,71.98,0.371,13957.73,1.17e-06,2.529,0.1556,1.827,2.344,7.499,0.4757,8.76e-06,0.4207,0.4944,0.9992,1.0,0.4795,17.08,2.37,3.067,88.0,0.1033,5.374,0.5854,0.7262,233.64,0.09712,1.009,0.2461,2.267,1366.45,19.77,0.6817,93.12,0.4106,0.1317,159.25,4.507,1.163,0.4313,0.5807,0.1642,1.431,0.00242,0.009004,0.7285,0.1395,0.3474,55.6,0.5935,3.975,1.196,0.1206,58.08,3.592,44.87,0.6569,0.06146,6.517,3.477e-05,0.4413,7.313,0.6152,0.3913,8.038e-05,0.6734,,1.592,0.6499,,,0.06579,0.2955,0.5661,,11.55
15:43:54,36829.3,2034.41,62.41,22.98,1.0,1.0,0.6291,0.9043,14.32,248.61,0.07916,3.724,3.134,1.0,5.774,6.304,0.3863,5.516,5.058,1.132,8.623,0.02431,1.725,3.429,9.714,72.13,0.373,14185.56,1.18e-06,2.53,0.1559,1.837,2.344,7.53,0.4761,8.8e-06,0.4185,0.4957,0.9992,0.9999,0.4797,17.1,2.37,3.07,88.26,0.1033,5.385,0.584,0.7229,233.92,0.09786,1.016,0.2463,2.267,1367.82,19.83,0.681,93.42,0.4142,0.132,159.79,4.498,1.171,0.431,0.5835,0.1639,1.432,0.00244,0.009178,0.7311,0.1393,0.3473,55.74,0.5922,3.969,1.195,0.1207,58.15,3.6,45.0,0.6569,0.06168,6.561,3.469e-05,0.4421,7.312,0.616,0.3929,8.023e-05,0.6735,,1.599,0.6491,,,0.066,0.2958,0.5682,,
15:53:58,36889.86,2038.33,63.05,23.43,1.0,1.0,0.6298,0.9093,14.43,249.18,0.07916,3.754,3.125,1.0,5.804,6.447,0.3882,5.534,5.08,1.138,8.649,0.02449,1.74,3.467,9.78,72.36,0.3764,14241.19,1.18e-06,2.52,0.1572,1.851,2.347,7.563,0.4751,8.83e-06,0.4218,0.4996,0.9991,0.9999,0.4859,17.18,2.388,3.099,89.01,0.1033,5.437,0.5904,0.7297,234.89,0.09801,1.032,0.2484,2.279,1378.19,19.96,0.6857,94.18,0.4201,0.133,159.95,4.521,1.177,0.4335,0.5993,0.1651,1.44,0.0024,0.009063,0.7392,0.1406,0.3508,56.03,0.5972,3.974,1.183,0.1211,58.38,3.628,45.16,0.6637,0.06196,6.609,3.486e-05,0.4456,7.342,0.6198,0.3949,8.09e-05,0.6766,,1.596,0.6546,,,0.0664,0.3005,0.5698,,
16:04:01,36844.92,2038.4,63.05,23.47,1.0,0.9999,0.6308,0.9072,14.44,248.69,0.07962,3.776,3.17,1.0,5.829,6.418,0.392,5.531,5.099,1.136,8.701,0.02458,1.755,3.508,9.882,72.42,0.3745,14370.0,1.18e-06,2.52,0.1579,1.849,2.352,7.573,0.4765,8.85e-06,0.4229,0.5006,0.9991,1.0,0.4848,17.27,2.388,3.117,89.22,0.1033,5.435,0.5908,0.7289,234.63,0.09871,1.045,0.2499,2.29,1378.73,19.92,0.6873,94.2,0.4221,0.1335,160.02,4.535,1.171,0.4336,0.6012,0.1654,1.442,0.00239,0.009093,0.7415,0.1406,0.3517,56.06,0.5968,3.977,1.184,0.1209,58.14,3.651,45.12,0.6658,0.06204,6.6,3.5e-05,0.4466,7.302,0.6198,0.395,8.089e-05,0.6771,,1.595,0.6555,,,0.06636,0.3008,0.5738,,11.69
16:14:04,36624.61,2023.81,62.02,22.99,1.0,0.9999,0.6285,0.8984,14.29,248.39,0.07868,3.776,3.085,1.0,5.759,6.378,0.3875,5.488,5.041,1.13,8.626,0.02443,1.733,3.472,9.792,72.12,0.3662,14142.89,1.18e-06,2.543,0.1562,1.839,2.33,7.541,0.4792,8.82e-06,0.4204,0.4967,0.9992,1.0,0.4819,17.08,2.372,3.123,89.09,0.1032,5.371,0.5844,0.7233,233.8,0.09802,1.025,0.2488,2.279,1371.14,19.81,0.6847,93.57,0.4193,0.1321,159.66,4.493,1.161,0.4307,0.5947,0.1637,1.436,0.00239,0.009024,0.735,0.1393,0.3502,55.42,0.5913,3.925,1.196,0.12,57.67,3.642,44.89,0.6611,0.06168,6.594,3.465e-05,0.442,7.263,0.6168,0.3918,8.055e-05,0.675,,1.597,0.6533,,,0.06621,0.2982,0.5702,,
16:24:07,36556.55,2024.7,61.7,22.8,1.0,1.0,0.6275,0.8964,14.24,247.96,0.07818,3.8,3.269,1.0,5.705,6.383,0.3858,5.489,5.047,1.128,8.619,0.02422,1.728,3.479,9.785,72.07,0.3606,14112.67,1.17e-06,2.543,0.1568,1.839,2.318,7.531,0.4784,8.79e-06,0.4171,0.4952,0.9992,1.0,0.4802,16.94,2.361,3.128,89.09,0.1032,5.358,0.577,0.7196,233.59,0.09786,1.03,0.2478,2.272,1371.67,19.85,0.6796,93.26,0.4177,0.1318,159.58,4.482,1.157,0.4301,0.5998,0.1631,1.436,0.00237,0.008993,0.7324,0.1388,0.3484,55.24,0.5912,3.913,1.181,0.1197,57.58,3.643,44.7,0.658,0.06149,6.597,3.463e-05,0.4407,7.243,0.6136,0.3904,8.014e-05,0.6731,,1.604,0.6505,,,0.06615,0.2973,0.5679,,
16:34:11,36684.46,2022.7,62.36,23.18,1.0,0.9999,0.6292,0.8995,14.3,248.3,0.07881,3.835,3.257,1.0,5.852,6.337,0.3879,5.528,5.061,1.133,8.698,0.02424,1.743,3.559,9.8,72.17,0.3644,14315.61,1.17e-06,2.528,0.1573,1.847,2.333,7.562,0.4786,8.84e-06,0.421,0.4956,0.9993,1.0,0.4831,17.1,2.381,3.178,89.93,0.1031,5.386,0.583,0.7247,234.35,0.0984,1.036,0.2485,2.282,1372.65,20.0,0.6823,93.64,0.4197,0.1323,159.76,4.493,1.165,0.4303,0.5978,0.1642,1.439,0.00235,0.00906,0.7345,0.1395,0.3496,55.5,0.5902,3.961,1.176,0.1202,57.94,3.672,44.44,0.6604,0.06169,6.524,3.469e-05,0.4423,7.253,0.6151,0.3924,8.029e-05,0.6745,,1.626,0.6529,,,0.06575,0.2992,0.5698,,
16:44:15,36725.73,2026.58,62.4,23.28,1.0,1.0,0.6301,0.8953,14.33,248.5,0.07893,3.839,3.269,1.0,5.83,6.401,0.3906,5.536,5.075,1.133,8.715,0.02437,1.744,3.535,9.855,72.16,0.3657,14300.59,1.17e-06,2.531,0.1574,1.852,2.341,7.591,0.4773,8.83e-06,0.4231,0.4963,0.9993,1.0,0.4799,17.05,2.398,3.178,89.32,0.1032,5.39,0.5839,0.7262,234.47,0.09839,1.043,0.2493,2.28,1374.34,20.03,0.6856,93.83,0.4191,0.1323,160.15,4.486,1.168,0.431,0.5911,0.1642,1.438,0.00232,0.009134,0.7329,0.1399,0.3512,55.52,0.5921,3.951,1.186,0.1203,58.11,3.69,44.67,0.662,0.06175,6.584,3.464e-05,0.4428,7.262,0.617,0.3919,8.032e-05,0.6763,,1.634,0.6536,,,0.06586,0.3019,0.5687,,
16:54:16,36749.32,2030.12,62.7,23.41,1.0,1.0,0.6311,0.8957,14.32,248.99,0.0793,3.829,3.282,1.0,5.825,6.49,0.3912,5.549,5.079,1.135,8.687,0.02439,1.752,3.513,9.86,72.44,0.3681,14479.93,1.18e-06,2.531,0.1589,1.862,2.335,7.597,0.4768,8.86e-06,0.4266,0.4962,0.9993,1.0,0.4771,17.06,2.391,3.201,89.11,0.1032,5.396,0.5858,0.725,234.75,0.09925,1.046,0.249,2.284,1372.19,20.02,0.685,93.65,0.4182,0.1326,160.67,4.495,1.178,0.4327,0.5823,0.1645,1.443,0.00236,0.009194,0.7338,0.1404,0.3517,55.62,0.5924,3.972,1.187,0.1206,58.29,3.675,44.85,0.6636,0.06186,6.637,3.455e-05,0.4445,7.272,0.618,0.3927,8.028e-05,0.6763,,1.618,0.6537,0.1948,,0.06593,0.3037,0.571,,
17:04:20,36772.32,2029.54,62.79,23.4,1.0,1.0,0.6318,0.8917,14.33,249.79,0.07912,3.87,3.291,1.0,5.773,6.573,0.3911,5.562,5.092,1.135,8.725,0.02465,1.759,3.532,9.97,72.51,0.3689,14386.26,1.18e-06,2.531,0.1582,1.867,2.311,7.616,0.4777,8.89e-06,0.4315,0.4968,0.9992,1.0,0.4783,17.01,2.411,3.213,89.15,0.1032,5.401,0.5876,0.728,234.99,0.09921,1.051,0.2497,2.293,1365.2,19.98,0.6874,93.95,0.42,0.1327,160.71,4.517,1.179,0.4343,0.573,0.1648,1.448,0.00233,0.009336,0.7336,0.1401,0.3517,55.66,0.5923,3.996,1.183,0.1206,58.21,3.684,44.92,0.6637,0.06223,,3.465e-05,0.4461,7.262,0.62,0.3927,8.065e-05,0.6771,,1.619,0.6571,,,0.06603,0.3034,0.5713,,11.67
17:14:26,36775.77,2029.55,62.8,23.34,1.0,1.0,0.6308,0.8913,14.34,249.68,0.07877,3.874,3.24,1.0,5.746,6.563,0.3914,5.571,5.084,1.138,8.72,0.02482,1.76,3.511,9.903,72.53,0.3658,14414.82,1.19e-06,2.537,0.1587,1.869,2.298,7.643,0.4781,8.84e-06,0.4383,0.4978,0.9993,1.0,0.4802,17.08,2.418,3.185,89.14,0.1034,5.399,0.588,0.7279,234.89,0.09959,1.078,0.2493,2.293,1365.45,19.93,0.6883,94.03,0.4207,0.1327,160.69,4.522,1.184,0.4348,,0.1645,1.447,0.00239,0.009176,0.7344,0.1403,0.3516,55.68,0.5916,3.981,1.189,0.1207,58.0,3.684,44.86,0.6626,0.06224,,3.457e-05,0.4483,7.302,0.6213,0.3916,8.067e-05,0.6768,,1.624,0.6592,0.2015,,0.06607,0.3014,0.5711,,
17:24:29,36895.19,2033.64,62.69,23.38,1.0,1.0,0.6317,0.8909,14.37,249.42,0.07865,3.839,3.211,1.0,5.69,6.631,0.3932,5.608,5.061,1.142,8.737,0.02482,1.76,3.491,9.914,72.58,0.3675,14409.3,1.19e-06,2.537,0.1578,1.883,2.261,7.641,0.4802,8.83e-06,0.4368,0.4969,0.9993,1.0,0.479,16.98,2.397,3.186,89.09,0.1034,5.408,0.5847,0.7247,234.97,0.09995,1.085,0.2485,2.294,1363.94,19.95,0.69,94.04,0.4156,0.1328,160.74,4.539,1.189,0.4352,,0.1648,1.447,0.00245,0.009123,0.7333,0.1406,0.3502,55.69,0.5905,4.009,1.185,0.1209,58.18,3.719,44.84,0.6641,0.06224,,3.448e-05,0.4482,7.312,0.6214,0.3912,8.041e-05,0.6753,,1.617,0.6589,0.1944,,0.06607,0.3018,0.5705,,
17:34:33,36850.02,2031.56,62.2,23.29,1.0,1.0,0.6299,0.8954,14.4,248.9,0.07785,3.774,3.182,1.0,5.685,6.615,0.3944,5.567,5.057,1.14,8.765,0.02504,1.758,3.489,9.846,72.41,0.3713,14473.12,1.18e-06,2.537,0.1572,1.891,2.242,7.605,0.4806,8.8e-06,0.4359,0.4945,0.9994,1.0,0.4771,16.97,2.382,3.18,88.95,0.1034,5.396,0.5802,0.7226,234.47,0.1001,1.072,0.2488,2.293,1363.48,19.94,0.6873,94.01,0.4136,0.1326,160.63,4.554,1.186,0.435,,0.1648,1.449,0.00239,0.009242,0.7327,0.1405,0.3492,55.58,0.5887,4.024,1.194,0.1209,58.11,3.711,44.78,0.6599,0.06228,,3.454e-05,0.4487,7.313,0.622,0.3911,8.046e-05,0.6764,,1.607,0.6589,0.1949,,0.06599,0.3016,0.57,,
17:44:35,36538.09,2003.82,61.56,22.94,1.0,1.0,0.6233,0.8786,14.12,247.61,0.07731,3.721,3.128,1.0,5.561,6.523,0.3881,5.495,4.963,1.12,8.638,0.02443,1.724,3.406,9.714,71.82,0.364,14322.38,1.18e-06,2.537,0.1554,1.856,2.205,7.502,0.4811,8.67e-06,0.4278,0.4829,0.9994,1.0,0.4749,16.69,2.342,3.152,87.35,0.1033,5.292,0.5734,0.7132,232.11,0.09857,1.053,0.2443,2.261,1353.93,19.68,0.6744,92.73,0.4088,0.1307,159.6,4.474,1.171,0.4268,,0.1622,1.425,0.00237,0.009027,0.7229,0.1382,0.3451,54.78,0.5809,3.937,1.187,0.1196,57.39,3.627,44.08,0.6508,0.06158,6.587,3.418e-05,0.4398,7.233,0.6119,0.3848,7.978e-05,0.6684,,1.585,0.6432,0.1926,,0.06499,0.2972,0.5625,,
17:54:38,36351.65,1993.01,61.18,23.01,1.0,1.0,0.6224,0.8765,14.11,246.14,0.0769,3.733,3.2,1.0,5.615,6.544,0.3819,5.479,4.949,1.115,8.587,0.02439,1.717,3.403,9.626,71.51,0.3601,14421.67,1.15e-06,2.493,0.1543,1.852,2.204,7.477,0.4748,8.68e-06,0.4254,0.4817,0.9994,1.0,0.4743,16.64,2.367,3.139,88.39,0.103,5.279,0.5725,0.7081,232.03,0.09787,1.042,0.2438,2.246,1351.39,19.61,0.6733,92.16,0.4092,0.1301,159.55,4.445,1.162,0.4258,,0.1609,1.418,0.00237,0.008901,0.7197,0.1378,0.344,54.55,0.5791,3.89,1.176,0.1195,56.81,3.628,43.84,0.6499,0.06116,,3.374e-05,0.4383,7.163,0.609,0.3848,7.949e-05,0.6629,,1.581,0.6406,0.1921,,0.06458,0.2959,0.5589,,
18:04:39,36531.28,2004.38,61.92,22.84,1.0,1.0,0.6243,0.8816,14.21,246.82,0.07733,3.751,3.286,1.0,5.704,6.591,0.3827,5.501,4.986,1.122,8.624,0.02461,1.726,3.437,9.768,71.72,0.3632,14411.03,1.17e-06,2.473,0.1552,1.867,2.224,7.543,0.4747,8.71e-06,0.4322,0.4854,0.9994,1.0,0.473,16.74,2.361,3.15,88.25,0.1031,5.3,0.5761,0.7127,232.5,0.09834,1.057,0.2452,2.261,1353.75,19.68,0.6786,92.91,0.4115,0.131,159.92,4.471,1.175,0.4284,,0.162,1.423,0.00237,0.008839,0.7219,0.139,0.3477,54.92,0.5819,3.921,1.177,0.12,57.63,3.678,44.03,0.6555,0.06178,,3.386e-05,0.4407,,0.6105,0.387,7.934e-05,0.6665,,1.585,0.6452,,,0.06487,0.2984,0.562,,
18:14:41,36497.41,2001.42,61.2,22.73,1.0,1.0,0.6232,0.8838,14.15,246.64,0.07709,3.687,3.198,1.0,5.666,6.512,0.3819,5.479,4.965,1.117,8.553,0.02424,1.711,3.485,9.775,71.77,0.3597,14303.24,1.16e-06,2.499,0.1563,1.868,2.214,7.524,0.4734,8.7e-06,0.4303,0.487,0.9992,1.0,0.474,16.63,2.348,3.123,87.51,0.1029,5.279,0.5746,0.6997,232.11,0.09821,1.072,0.2444,2.252,1353.05,19.67,0.6746,92.61,0.41,0.1305,159.68,4.44,1.163,0.4269,,0.1612,1.419,0.00236,0.008703,0.7196,0.1383,0.3457,54.78,0.5807,3.9,1.181,0.1197,57.8,3.617,44.03,0.654,0.0615,,3.384e-05,0.439,,0.6081,0.387,7.948e-05,0.6662,,1.57,0.641,,,0.0648,0.2969,0.5589,,
18:24:42,36567.03,2006.27,61.29,22.44,1.0,1.0,0.6224,0.884,14.16,246.82,0.07677,3.716,3.171,1.0,5.605,6.528,0.3791,5.498,4.981,1.123,8.564,0.02434,1.722,3.471,9.753,71.79,0.3594,14248.38,1.17e-06,2.512,0.1572,1.875,2.19,7.525,0.474,8.67e-06,0.4254,0.4849,0.9993,1.0,0.4727,16.57,2.339,3.113,87.84,0.103,5.303,0.5727,0.7128,234.96,0.09863,1.091,0.2456,2.253,1356.91,19.72,0.6757,92.88,0.4107,0.1303,159.73,4.434,1.16,0.4276,,0.1612,1.423,0.00236,0.00891,0.7218,0.1384,0.3455,54.55,0.5821,3.919,1.176,0.1197,57.33,3.591,44.11,0.657,0.06162,,3.393e-05,0.44,,0.6113,0.3851,7.957e-05,0.6672,,1.563,0.6444,,,0.06491,0.2982,0.5596,,
18:34:45,36599.74,2008.2,61.75,22.34,1.0,1.0,0.6231,0.8877,14.17,247.3,0.07722,3.744,3.173,1.0,5.564,6.539,0.3816,5.513,4.996,1.123,8.595,0.02406,1.716,3.454,9.787,71.92,0.3572,14294.66,1.17e-06,2.495,0.1563,1.87,2.186,7.518,0.4757,8.69e-06,0.4318,0.4843,0.9991,1.0,0.4754,16.67,2.357,3.107,88.36,0.103,5.299,0.5707,0.712,235.99,0.09912,1.084,0.2455,2.258,1359.57,19.73,0.6756,92.95,0.4105,0.1309,160.31,4.464,1.163,0.428,,0.1617,1.421,0.00235,0.008823,0.725,0.1385,0.3474,54.63,0.5806,3.899,1.169,0.12,57.31,3.616,44.09,0.6598,0.06168,,3.403e-05,0.4393,,0.612,0.3868,7.924e-05,0.6704,,1.566,0.6445,,,0.06476,0.2996,0.5601,,
18:44:49,36557.39,2005.96,62.01,22.41,1.0,0.9999,0.6236,0.8878,14.13,247.4,0.07748,3.777,3.182,1.0,5.62,6.527,0.3826,5.489,4.99,1.118,8.643,0.02413,1.716,3.444,9.81,71.84,0.3612,14228.89,1.17e-06,2.495,0.1546,1.842,2.186,7.523,0.4762,8.69e-06,0.4318,0.4857,0.9992,1.0,0.4797,16.69,2.35,3.074,88.77,0.103,5.297,0.5718,0.7125,235.84,0.09864,1.1,0.2471,2.26,1355.08,19.71,0.677,93.1,0.4118,0.1314,160.3,4.455,1.168,0.4288,,0.1617,1.424,0.00233,0.00874,0.7277,0.1387,0.3452,54.74,0.5825,3.921,1.174,0.1203,57.13,3.61,44.13,0.6585,0.06186,,3.39e-05,0.4403,,0.615,0.387,7.926e-05,0.6712,,1.568,0.6449,,,0.06516,,0.5571,,
18:54:53,36525.36,2007.62,62.28,22.44,1.0,1.0,0.6242,0.8842,14.09,247.16,0.07734,3.804,3.22,1.0,5.627,6.496,0.3827,5.484,5.011,1.118,8.684,0.02408,1.716,3.435,9.838,71.92,0.3606,14135.82,1.17e-06,2.51,0.1549,1.847,2.192,7.537,0.4777,8.69e-06,0.4354,0.485,0.9992,1.0,0.4802,16.77,2.362,3.097,90.23,0.1031,5.315,0.574,0.7152,236.86,0.09905,1.112,0.2475,2.265,1357.94,19.76,0.6777,93.35,0.411,0.1318,160.06,4.471,1.171,0.4292,,0.1625,1.428,0.00235,0.00873,0.7284,0.1388,0.3453,54.87,0.5835,3.941,1.174,0.1205,56.85,3.619,44.19,0.6617,0.06221,,3.39e-05,0.4409,,0.6142,0.3899,7.962e-05,0.672,,1.577,0.6456,,,0.06545,0.2984,0.5546,,
19:04:55,36571.58,2007.55,62.15,22.47,1.0,0.9999,0.6246,0.883,14.03,247.4,0.07792,3.775,3.222,1.0,5.589,6.516,0.382,5.503,5.019,1.12,8.724,0.02419,1.707,3.444,9.878,71.83,0.363,14298.26,1.18e-06,2.503,0.1555,1.859,2.196,7.541,0.4792,8.71e-06,0.4421,0.4868,0.9991,1.0,0.4789,16.8,2.345,3.111,89.85,0.1032,5.326,0.5771,0.7201,237.08,0.09901,1.112,0.2485,2.277,1358.48,19.78,0.681,97.21,0.41,0.1325,160.06,4.489,1.169,0.4307,,0.1628,1.435,0.00236,0.008746,0.7304,0.1393,0.3446,55.37,0.5854,3.939,1.174,0.1206,57.01,3.643,44.25,0.664,0.06255,,3.39e-05,0.4425,,0.6159,0.3889,7.951e-05,0.6717,,1.578,0.6492,,,0.06552,,0.5556,,
19:14:58,36502.95,2007.84,62.18,22.59,1.0,1.0,0.6247,0.8753,14.05,247.29,0.07794,3.788,3.184,1.0,5.611,6.454,0.3813,5.5,5.01,1.119,8.725,0.0241,1.687,3.466,9.931,71.83,0.3625,14204.76,1.17e-06,2.527,0.1546,1.864,2.2,7.513,0.4804,8.72e-06,0.442,0.4855,0.9992,1.0,0.4791,16.66,2.334,3.103,89.95,0.1032,5.32,0.5757,0.7167,236.33,0.09926,1.1,0.2479,2.27,1359.23,19.74,0.681,94.92,0.4141,0.1317,159.29,4.503,1.163,0.4295,,0.1625,1.429,0.00236,0.009006,0.728,0.139,0.3435,55.03,0.5856,3.922,1.176,0.1206,57.04,3.634,44.06,0.664,0.06276,,3.375e-05,0.442,,0.6153,0.3882,7.936e-05,0.6719,,1.576,0.6478,,,0.0656,,0.5554,,
19:25:01,36519.9,2009.8,62.43,22.79,1.0,1.0,0.6249,0.8792,14.11,247.1,0.07822,3.781,3.171,1.0,5.611,6.423,0.3818,5.523,5.006,1.123,8.725,0.02424,1.707,3.486,10.01,71.84,0.3635,14106.43,1.18e-06,2.527,0.1557,1.867,2.217,7.525,0.4813,8.72e-06,0.4484,0.4876,0.9991,1.0,0.4797,16.65,2.339,3.131,90.17,0.1033,5.339,0.5772,0.7167,236.11,0.09921,1.117,0.2488,2.276,1360.1,19.79,0.679,95.75,0.42,0.1321,159.2,4.507,1.165,0.4307,,0.1631,1.436,0.00233,0.008872,0.7313,0.1393,0.3436,55.22,0.587,3.949,1.185,0.1204,57.15,3.645,44.17,0.6712,0.06295,,3.383e-05,0.4435,,0.6169,0.3894,7.992e-05,0.6725,,1.571,0.653,,,0.0656,,0.5587,,
19:35:05,36581.89,2012.62,62.79,22.86,1.0,1.0,0.6263,0.885,14.21,247.4,0.07856,3.753,3.201,1.0,5.618,6.488,0.3842,5.545,5.023,1.126,8.747,0.02437,1.719,3.513,10.1,71.96,0.3635,14146.29,1.18e-06,2.511,0.156,1.877,2.222,7.551,0.4823,8.77e-06,0.4501,0.4878,0.9992,1.0,0.4802,16.9,2.347,3.112,90.32,0.1033,5.373,0.5805,0.7194,236.38,0.0993,1.132,0.2497,2.286,1365.55,19.82,0.681,95.75,0.4214,0.1333,159.45,4.519,1.17,0.4319,,0.1636,1.443,0.00233,0.008878,0.7331,0.1401,0.3449,55.32,0.5903,3.958,1.185,0.1206,57.15,3.659,44.24,0.6682,0.06315,,3.41e-05,0.4454,,0.6187,0.391,8.01e-05,0.6758,,1.584,0.6533,,,0.06574,,0.5594,,
19:45:08,36528.68,2007.98,62.5,22.77,1.0,1.0,0.626,0.8809,14.17,247.1,0.079,3.75,3.219,1.0,5.609,6.442,0.3826,5.542,5.016,1.123,8.701,0.02419,1.721,3.486,9.979,71.85,0.3619,13809.93,1.18e-06,2.533,0.1553,1.865,2.228,7.531,0.4812,8.78e-06,0.4497,0.4849,0.9992,1.0,0.4814,16.82,2.343,3.099,90.46,0.1033,5.375,0.5807,0.7188,235.98,0.09911,1.131,0.2492,2.281,1364.62,19.77,0.6795,95.28,0.4219,0.1326,159.44,4.494,1.165,0.4312,,0.1629,1.444,0.00235,0.009054,0.7274,0.1399,0.3443,55.24,0.5898,3.957,1.184,0.1204,57.07,3.652,44.11,0.6708,0.06336,,3.393e-05,0.4452,,0.6188,0.3911,8.031e-05,0.675,,1.58,0.6515,,,0.06552,,0.5575,,
19:55:11,36432.47,2002.0,61.8,22.72,1.0,0.9999,0.6242,0.8786,14.1,246.52,0.07881,3.727,3.178,1.0,5.537,6.414,0.3817,5.506,4.99,1.115,8.651,0.02401,1.714,3.431,9.969,71.59,0.3603,13437.35,1.16e-06,2.523,0.1549,1.854,2.219,7.485,0.4801,8.73e-06,0.4452,0.4821,0.999,1.0,0.4794,16.61,2.309,3.077,90.68,0.1033,5.348,0.5777,0.7175,235.78,0.09893,1.122,0.2486,2.269,1357.68,19.67,0.6773,94.76,0.4216,0.1321,159.43,4.476,1.158,0.4288,,0.1617,1.441,0.00232,0.008938,0.7237,0.1393,0.3417,54.98,0.5868,3.938,1.181,0.12,57.04,3.628,44.05,0.6695,0.06287,,3.383e-05,0.4428,,0.6143,0.3884,8.017e-05,0.6732,,1.564,0.6458,,,0.06521,,0.554,,
20:05:14,36255.38,1991.0,61.7,22.47,1.0,1.0,0.622,0.8706,14.04,245.98,0.07887,3.727,3.155,1.0,5.503,6.35,0.3796,5.471,4.965,1.105,8.603,0.02388,1.712,3.423,9.896,71.35,0.3551,13269.44,1.16e-06,2.514,0.1541,1.837,2.228,7.454,0.4782,8.68e-06,0.4382,0.4792,0.999,1.0,0.4779,16.51,2.296,3.057,90.78,0.1031,5.321,0.5769,0.7119,235.27,0.09814,1.121,0.2486,2.26,1354.75,19.61,0.6743,94.04,0.4174,0.1317,159.02,4.441,1.15,0.4266,,0.161,1.424,0.00231,0.008868,0.7184,0.1386,0.3391,54.65,0.5839,3.896,1.174,0.1197,56.98,3.616,43.8,0.6712,0.06269,,3.359e-05,0.4402,,0.6142,0.3875,7.952e-05,0.6728,,1.558,0.6419,,,0.06488,,,,
20:15:18,36334.89,1997.75,61.91,22.51,1.0,1.0,0.624,0.8731,14.09,246.08,0.07977,3.721,3.196,1.0,5.681,6.365,0.3825,5.487,4.978,1.109,8.662,0.02395,1.715,3.418,9.897,71.64,0.3548,13357.07,1.16e-06,2.514,0.1545,1.839,2.231,7.479,0.4784,8.74e-06,0.4399,0.4808,0.999,1.0,0.4816,16.51,2.306,3.063,91.12,0.1029,5.334,0.5789,0.7151,236.68,0.09745,1.117,0.25,2.27,1359.47,19.67,0.6742,94.33,0.4158,0.1319,159.65,4.452,1.142,0.4285,,0.1616,1.433,0.0023,0.008746,0.7181,0.1389,0.3408,55.06,0.5861,3.903,1.18,0.1199,56.34,3.618,43.88,0.676,0.0627,,3.382e-05,0.4415,,0.6123,0.3891,7.988e-05,0.6757,,1.561,0.6448,,,0.06482,,0.5499,,
20:25:22,36140.82,1979.24,61.86,22.25,1.0,1.0,0.6199,0.866,13.98,244.81,0.07923,3.684,3.146,1.0,5.639,6.318,0.3766,5.427,4.93,1.095,8.576,0.02353,1.696,3.405,9.849,71.14,0.3533,13480.06,1.15e-06,2.518,0.1533,1.82,2.217,7.41,0.4756,8.68e-06,0.4325,0.4777,0.9991,1.0,0.4791,16.27,2.292,3.032,90.05,0.1027,5.257,0.572,0.702,234.44,0.09715,1.102,0.248,2.244,1349.07,19.49,0.668,93.34,0.4104,0.1303,159.66,4.395,1.137,0.4242,,0.1601,1.41,0.00228,0.008641,0.7091,0.137,0.3361,54.16,0.5808,3.86,1.176,0.1193,56.17,3.568,43.36,0.6695,0.06202,,3.336e-05,0.4362,,0.6029,0.3852,7.886e-05,0.6712,,1.553,0.6358,,,0.06419,,0.5457,,
20:35:26,36286.19,1988.09,62.39,22.51,1.0,1.0,0.6233,0.8692,14.07,245.5,0.08036,3.688,3.152,1.0,5.685,6.364,0.3775,5.462,4.945,1.103,8.624,0.02382,1.709,3.394,9.813,71.5,0.3547,13469.56,1.16e-06,2.5,0.1533,1.826,2.235,7.469,0.478,8.77e-06,0.4393,0.4766,0.9989,0.9999,0.4821,16.35,2.307,3.035,89.6,0.1027,5.293,0.5721,0.7074,235.36,0.09799,1.111,0.2491,2.261,1355.62,19.58,0.6727,93.35,0.4112,0.1313,160.1,4.429,1.142,0.4264,,0.161,1.42,0.00226,0.008622,0.7122,0.1381,0.3384,54.43,0.5855,3.899,1.175,0.1198,56.58,3.602,43.7,0.6719,0.06239,,3.364e-05,0.4397,,0.6075,0.3866,7.907e-05,0.6735,,1.564,0.6383,,,0.06454,,0.5481,,
20:45:30,36205.87,1983.21,62.33,22.32,1.0,1.0,0.6224,0.863,14.03,245.1,0.07939,3.718,3.125,0.9999,5.696,6.369,0.3762,5.443,4.926,1.098,8.601,0.0237,1.713,3.401,9.74,71.29,0.355,13453.76,1.15e-06,2.5,0.1527,1.826,2.236,7.46,0.4785,8.75e-06,0.4338,0.4762,0.9989,0.9999,0.481,16.28,2.288,3.032,90.34,0.1027,5.288,0.5713,0.7053,235.27,0.09784,1.108,0.2496,2.26,1352.75,19.53,0.6729,93.05,0.4103,0.1308,160.05,4.401,1.14,0.4254,,0.1603,1.417,0.0023,0.00866,0.7085,0.1375,0.3378,54.24,0.5849,3.906,1.174,0.1196,56.47,3.62,43.66,0.6688,0.06209,,3.349e-05,0.4376,,0.6047,0.3861,7.918e-05,0.6717,,1.568,0.638,,,0.06477,,0.5453,,
20:55:33,36215.92,1982.56,62.37,22.34,1.0,1.0,0.6206,0.8647,14.01,244.73,0.07939,3.706,3.138,0.9999,5.773,6.319,0.3764,5.432,4.925,1.097,8.584,0.02364,1.708,3.373,9.718,71.28,0.3545,13518.85,1.15e-06,2.5,0.1527,1.818,2.231,7.432,0.4784,8.71e-06,0.4316,0.4744,0.9989,0.9999,0.4807,16.19,2.281,3.011,89.82,0.1027,5.274,0.5705,0.7025,235.89,0.09782,1.102,0.2485,2.25,1354.87,19.44,0.6713,92.91,0.4096,0.1303,159.52,4.392,1.137,0.4242,,0.1601,1.414,0.0024,0.008619,0.7077,0.1373,0.3373,54.16,0.5838,3.879,1.171,0.1191,56.59,3.61,43.48,0.666,0.06209,,3.337e-05,0.4362,,0.6013,0.3849,7.869e-05,0.6706,,1.56,0.6365,,,0.06468,,0.5441,,
21:05:37,36220.52,1981.86,62.39,22.36,1.0,1.0,0.6198,0.8661,14.06,244.44,0.07919,3.722,3.16,0.9999,5.781,6.326,0.3743,5.435,4.926,1.095,8.597,0.02369,1.713,3.396,9.722,71.27,0.3518,13508.68,1.15e-06,2.504,0.1528,1.825,2.213,7.413,0.4804,8.69e-06,0.4308,0.475,0.9988,0.9999,0.4793,16.16,2.284,2.999,90.22,0.1027,5.278,0.5705,0.7016,237.09,0.09788,1.093,0.2485,2.253,1353.64,19.42,0.67,93.09,0.4105,0.1305,159.85,4.391,1.136,0.424,,0.1605,1.415,0.00236,0.008618,0.7088,0.1376,0.3377,53.86,0.5843,3.89,1.172,0.119,56.84,3.614,43.57,0.6656,0.06214,,3.335e-05,0.4365,,0.6016,0.3854,7.894e-05,0.6714,,1.549,0.6382,,,0.06486,,,,
21:15:40,36060.36,1970.08,61.1,21.78,1.0,1.0,0.6146,0.8598,13.84,243.87,0.07853,3.629,3.108,0.9999,5.756,6.217,0.3703,5.378,4.853,1.084,8.434,0.02315,1.685,3.428,9.612,70.64,0.3488,13533.33,1.14e-06,2.478,0.1511,1.809,2.193,7.295,0.4783,8.51e-06,0.4278,0.4659,0.9988,0.9999,0.4764,15.93,2.28,2.973,89.52,0.1019,5.215,0.5621,0.6912,235.49,0.09691,1.085,0.2444,2.221,1344.39,19.21,0.66,92.18,0.4043,0.1284,158.6,4.353,1.125,0.4184,,0.1578,1.397,0.00229,0.008525,0.6968,0.1358,0.3345,53.25,0.5733,3.827,1.172,0.1186,56.45,3.544,42.97,0.6573,0.06132,,3.293e-05,0.4304,,0.5928,0.3808,7.8e-05,0.6618,,1.53,0.6241,,,0.06412,,0.5388,,
21:25:43,35808.49,1953.43,59.66,21.16,1.0,1.0,0.6071,0.8494,13.66,240.82,0.07738,3.576,3.055,0.9998,5.757,6.115,0.3648,5.309,4.799,1.072,8.348,0.02277,1.661,3.368,9.514,70.22,0.345,13350.14,1.12e-06,2.466,0.1495,1.772,2.178,7.214,0.474,8.37e-06,0.4238,0.4616,0.9987,0.9999,0.4698,15.76,2.283,2.9,88.41,0.1018,5.146,0.5537,0.6819,232.9,0.09526,1.074,0.2409,2.181,1318.4,19.03,0.6514,91.01,,0.1267,157.48,4.307,1.109,0.4121,,0.1562,1.377,0.00226,0.008308,0.6906,0.1337,0.3285,52.41,0.567,3.758,1.149,0.1174,56.01,3.489,42.39,0.6464,0.06048,,3.268e-05,0.4236,,0.5863,0.376,7.72e-05,0.6517,,1.515,0.6152,,,0.06323,,0.535,,
21:35:45,35577.07,1942.4,59.64,20.88,1.0,0.9999,0.609,0.8424,13.69,240.92,0.07681,3.596,3.042,0.9997,5.932,6.164,0.3612,5.322,4.797,1.073,8.318,0.02284,1.664,3.361,9.547,70.06,0.3469,13309.92,1.13e-06,2.48,0.1492,1.779,2.189,7.248,0.473,8.38e-06,0.4251,0.4624,0.9986,1.0,0.4722,15.74,2.269,2.902,89.34,0.1016,5.137,0.5541,0.6818,234.12,0.0951,1.084,0.2426,2.197,1324.85,19.03,0.6532,91.27,,0.1265,157.96,4.314,1.111,0.4133,,0.1565,1.38,0.00227,0.008351,0.6907,0.1335,0.3279,52.85,0.568,3.758,1.153,0.1173,55.9,3.493,42.56,0.6442,0.0604,,3.258e-05,0.4248,,0.5869,0.3743,7.647e-05,0.6539,,1.528,0.6182,,,0.06323,,0.5348,,
21:45:47,35822.78,1957.47,61.05,21.35,1.0,1.0,0.613,0.8519,13.85,242.17,0.07838,3.65,3.106,0.9999,5.88,6.257,0.3614,5.368,4.853,1.081,8.447,0.02313,1.69,3.398,9.604,70.53,0.3513,13498.14,1.14e-06,2.486,0.1516,1.804,2.216,7.305,0.4738,8.47e-06,0.4324,0.4659,0.9988,1.0,0.4758,16.05,2.294,2.93,90.19,0.1017,5.165,0.5622,0.6941,236.46,0.09614,1.099,0.2443,2.216,1332.26,19.18,0.6578,91.6,,0.1282,157.87,4.366,1.119,0.4171,,0.1579,1.391,0.0023,0.008472,0.6969,0.1352,0.3329,53.28,0.5733,3.807,1.147,0.1181,56.0,3.548,42.95,0.6559,0.06081,,3.302e-05,0.4283,,0.5942,0.3781,7.747e-05,0.6606,,1.551,0.6241,,,0.06398,,,,
21:55:49,35866.41,1963.63,61.36,21.72,1.0,0.9999,0.6145,0.8563,13.95,242.5,0.07917,3.748,3.147,0.9997,6.043,6.315,0.3642,5.396,4.862,1.087,8.458,0.02339,1.705,3.392,9.755,70.9,0.3564,13460.95,1.14e-06,2.486,0.1522,1.802,2.225,7.326,0.4738,8.48e-06,0.4392,0.4681,0.9986,0.9998,0.4797,16.18,2.312,2.957,90.29,0.1018,5.193,0.5645,0.6985,236.86,0.09639,1.109,0.2483,2.238,1338.63,19.24,0.6648,91.55,,0.1295,158.61,4.393,1.126,0.4197,,0.1588,1.403,0.00233,0.008489,0.702,0.1362,0.3367,53.64,0.5779,3.837,1.156,0.1185,56.0,3.609,43.19,0.661,0.06136,,3.337e-05,0.4318,,0.5962,0.3813,7.801e-05,0.6644,,1.557,0.6294,,,0.06421,,,,
22:05:51,35981.34,1967.46,62.69,22.23,1.0,0.9999,0.6183,0.8588,14.1,242.98,0.08124,3.775,3.14,0.9998,6.182,6.319,0.368,5.422,4.903,1.087,8.534,0.02351,1.737,3.375,9.815,71.11,0.3579,13509.66,1.15e-06,2.536,0.1534,1.819,2.232,7.399,0.4754,8.58e-06,0.4442,0.4744,0.9987,0.9998,0.4797,16.29,2.308,2.96,90.69,0.102,5.222,0.5688,0.6979,235.62,0.09712,1.143,0.2503,2.245,1342.24,19.37,0.668,92.16,,0.1305,158.81,4.43,1.135,0.4218,,0.1596,1.414,0.00231,0.008523,0.7068,0.1371,0.339,54.33,0.5807,3.857,1.163,0.119,56.16,3.641,43.45,0.6659,0.06187,,3.356e-05,0.4352,,0.6008,0.3853,7.85e-05,0.6694,,1.559,0.6335,,,0.06479,,,,
22:15:52,35781.65,1952.86,61.82,21.78,1.0,1.0,0.6159,0.8522,13.94,242.24,0.07892,3.717,3.094,0.9998,6.14,6.246,0.3666,5.379,4.863,1.082,8.455,0.02336,1.714,3.34,9.757,70.87,0.3525,13404.16,1.14e-06,2.524,0.1527,1.802,2.217,7.334,0.475,8.48e-06,0.4366,0.4688,0.9988,0.9999,0.4768,16.09,2.272,2.933,90.64,0.102,5.198,0.5661,0.6985,234.79,0.0967,1.147,0.2481,2.244,1334.89,19.25,0.665,91.75,,0.129,158.81,4.381,1.127,0.419,,0.1584,1.398,0.00228,0.008492,0.7028,0.1362,0.3358,54.02,0.5783,3.824,1.159,0.1187,55.96,3.601,43.22,0.6581,0.06144,,3.316e-05,0.432,,0.5979,0.3828,7.817e-05,0.6657,,1.557,0.6263,,,0.06454,,,,
22:25:55,35740.52,1950.98,61.32,21.7,1.0,1.0,0.6146,0.849,13.84,241.01,0.07848,3.734,3.076,0.9995,6.053,6.235,0.3644,5.365,4.825,1.08,8.428,0.02324,1.711,3.328,9.705,70.7,0.3524,13370.42,1.14e-06,2.52,0.1526,1.797,2.207,7.301,0.475,8.46e-06,0.4339,0.4653,0.9987,0.9999,0.475,16.03,2.267,2.91,89.49,0.102,5.175,0.5643,0.6888,235.06,0.09645,1.122,0.2483,2.224,1330.58,19.27,0.6625,91.29,,0.1288,158.91,4.368,1.122,0.4173,,0.1573,1.395,0.00228,0.008545,0.7004,0.1362,0.3324,53.76,0.5744,3.823,1.154,0.1181,55.98,3.579,43.12,0.6589,0.06122,,3.297e-05,0.4304,,0.5967,0.3817,7.767e-05,0.664,,1.567,0.6254,,,0.06439,,,,
22:35:57,36051.83,1964.08,62.35,22.08,1.0,0.9999,0.6185,0.8592,14.03,242.4,0.0802,3.77,3.121,0.9998,6.137,6.316,0.3703,5.413,4.859,1.088,8.525,0.02338,1.734,3.354,9.796,71.15,0.3563,13259.62,1.15e-06,2.52,0.1531,1.818,2.218,7.359,0.4783,8.54e-06,0.4415,0.4698,0.9987,1.0,0.4747,16.2,2.286,2.931,90.51,0.1021,5.205,0.5652,0.6903,235.67,0.09702,1.132,0.2499,2.24,1337.91,19.42,0.667,91.94,,0.1296,159.33,4.4,1.132,0.4205,,0.1581,1.403,0.00227,0.008591,0.7045,0.1372,0.3358,54.27,0.5785,3.858,1.152,0.1188,56.05,3.6,43.37,0.6654,0.06181,,3.344e-05,0.4335,,0.6001,0.3847,7.815e-05,0.6656,,1.559,0.6312,,,0.06488,,,,
22:46:01,36038.48,1963.42,61.63,21.79,1.0,1.0,0.6177,0.8557,13.97,241.73,0.08023,3.744,3.069,0.9999,6.048,6.293,0.371,5.402,4.846,1.083,8.515,0.02326,1.724,3.361,9.704,71.09,0.355,13245.5,1.15e-06,2.52,0.153,1.811,2.207,7.344,0.478,8.51e-06,0.435,0.4695,0.9989,1.0,0.4709,15.93,2.281,2.948,90.67,0.1021,5.195,0.5648,0.6928,234.66,0.09671,1.129,0.2499,2.236,1336.42,19.4,0.666,91.96,,0.129,159.69,4.406,1.131,0.4203,,0.1577,1.4,0.00229,0.008481,0.703,0.137,0.3346,53.89,0.5763,3.85,1.163,0.1185,56.14,3.574,43.14,0.6597,0.06165,,3.341e-05,0.4317,,0.599,0.3849,7.818e-05,0.6639,,1.565,0.6257,,,0.06491,,,,
22:56:05,36044.34,1962.18,61.51,21.71,1.0,0.9999,0.6173,0.8498,13.93,241.93,0.08007,3.718,3.051,0.9999,6.062,6.31,0.3709,5.384,4.837,1.081,8.479,0.02331,1.73,3.36,9.688,70.98,0.3531,13496.98,1.15e-06,2.542,0.1531,1.802,2.202,7.321,0.4791,8.52e-06,0.434,0.4681,0.999,1.0,0.4716,15.99,2.266,2.935,90.66,0.1022,5.197,0.5642,0.6926,234.02,0.09685,1.137,0.2492,2.237,1337.72,19.4,0.665,91.78,,0.1291,160.12,4.407,1.128,0.4188,,0.1574,1.397,0.00231,0.008437,0.7026,0.1364,0.3347,53.75,0.5747,3.852,1.16,0.1184,56.17,3.547,43.2,0.6565,0.06153,,3.345e-05,0.431,,0.5994,0.3839,7.798e-05,0.6629,,1.561,0.6247,,,0.06496,,,,
23:06:09,35930.46,1956.42,60.9,21.52,1.0,0.9999,0.6166,0.8473,13.89,241.37,0.07916,3.676,3.042,0.9999,6.007,6.257,0.3691,5.365,4.816,1.08,8.456,0.02322,1.725,3.342,9.626,70.68,0.349,13378.02,1.14e-06,2.527,0.1525,1.792,2.203,7.26,0.4783,8.48e-06,0.431,0.4657,0.9989,1.0,0.471,15.94,2.255,2.917,90.23,0.1019,5.176,0.5625,0.6877,233.29,0.09623,1.119,0.2484,2.217,1331.87,19.32,0.6615,91.29,,0.1285,159.3,4.376,1.121,0.4172,,0.1569,1.388,0.00228,0.008384,0.6989,0.1355,0.3326,53.43,0.5717,3.83,1.15,0.1179,56.15,3.529,42.92,0.6528,0.06115,,3.321e-05,0.43,,0.596,0.3809,7.749e-05,0.6606,,1.565,0.6222,,,0.06447,,,,
